-- phpMyAdmin SQL Dump
-- version 5.0.2
-- https://www.phpmyadmin.net/
--
-- Host: 127.0.0.1
-- Generation Time: Feb 22, 2021 at 09:26 PM
-- Server version: 10.4.11-MariaDB
-- PHP Version: 7.2.31

SET SQL_MODE = "NO_AUTO_VALUE_ON_ZERO";
START TRANSACTION;
SET time_zone = "+00:00";


/*!40101 SET @OLD_CHARACTER_SET_CLIENT=@@CHARACTER_SET_CLIENT */;
/*!40101 SET @OLD_CHARACTER_SET_RESULTS=@@CHARACTER_SET_RESULTS */;
/*!40101 SET @OLD_COLLATION_CONNECTION=@@COLLATION_CONNECTION */;
/*!40101 SET NAMES utf8mb4 */;

--
-- Database: `dbscript`
--

-- --------------------------------------------------------

--
-- Table structure for table `banner`
--

CREATE TABLE `banner` (
  `banner_id` int(11) NOT NULL,
  `image` varchar(255) COLLATE utf8_unicode_ci NOT NULL
) ENGINE=InnoDB DEFAULT CHARSET=utf8 COLLATE=utf8_unicode_ci;

--
-- Dumping data for table `banner`
--

INSERT INTO `banner` (`banner_id`, `image`) VALUES
(1, '6033f3fb547fe-1614017531.webp'),
(2, '6033ec0cac340-1614015500.png'),
(3, '6033f40854785-1614017544.jpg'),
(4, '6033f418b53fd-1614017560.jpg'),
(5, '6033f439e46c7-1614017593.crdownload');

-- --------------------------------------------------------

--
-- Table structure for table `brand_shoes`
--

CREATE TABLE `brand_shoes` (
  `brand_id` int(11) NOT NULL,
  `brand_name` varchar(200) COLLATE utf8_unicode_ci NOT NULL,
  `logo` varchar(200) COLLATE utf8_unicode_ci NOT NULL
) ENGINE=InnoDB DEFAULT CHARSET=utf8 COLLATE=utf8_unicode_ci;

--
-- Dumping data for table `brand_shoes`
--

INSERT INTO `brand_shoes` (`brand_id`, `brand_name`, `logo`) VALUES
(1, 'ADIDAS', '60336e11d9790-1613983249.svg'),
(2, 'CONVERSE', '60336f439def1-1613983555.png'),
(3, 'NIKE', '603373b7e311b-1613984695.jpg'),
(4, 'VANS', '6033730d54bc8-1613984525.png'),
(5, 'PUMA', '6033b66eba9c2-1614001774.png'),
(6, 'REEBOK', '6033c0e58552a-1614004453.png'),
(7, 'ONITSUKATIGER', '6033c5e07d031-1614005728.png'),
(8, 'UNDER ARMOUR', '6033cb2e0ec96-1614007086.png'),
(9, 'NEW BALANCE', '6033d069a9b3f-1614008425.jpg'),
(10, 'SKECHERS', '6033d71cedba0-1614010140.jpg');

-- --------------------------------------------------------

--
-- Table structure for table `orders`
--

CREATE TABLE `orders` (
  `orders_id` int(11) NOT NULL,
  `user_id` int(11) NOT NULL,
  `date` date NOT NULL,
  `order_total_price` decimal(10,0) NOT NULL,
  `order_status` varchar(250) COLLATE utf8_unicode_ci NOT NULL
) ENGINE=InnoDB DEFAULT CHARSET=utf8 COLLATE=utf8_unicode_ci;

-- --------------------------------------------------------

--
-- Table structure for table `shoes`
--

CREATE TABLE `shoes` (
  `shoes_id` int(11) NOT NULL,
  `brand_id` int(11) NOT NULL,
  `model` varchar(100) COLLATE utf8_unicode_ci NOT NULL,
  `color` varchar(50) COLLATE utf8_unicode_ci NOT NULL,
  `size` varchar(20) COLLATE utf8_unicode_ci NOT NULL,
  `amount` int(11) NOT NULL,
  `price` decimal(10,0) NOT NULL,
  `star` longtext COLLATE utf8_unicode_ci NOT NULL,
  `image1` varchar(200) COLLATE utf8_unicode_ci NOT NULL,
  `image2` varchar(200) COLLATE utf8_unicode_ci NOT NULL,
  `image3` varchar(200) COLLATE utf8_unicode_ci NOT NULL,
  `image4` varchar(200) COLLATE utf8_unicode_ci NOT NULL
) ENGINE=InnoDB DEFAULT CHARSET=utf8 COLLATE=utf8_unicode_ci;

--
-- Dumping data for table `shoes`
--

INSERT INTO `shoes` (`shoes_id`, `brand_id`, `model`, `color`, `size`, `amount`, `price`, `star`, `image1`, `image2`, `image3`, `image4`) VALUES
(1, 1, 'SUPERSTAR', 'Core Black', '38', 11, '3200', 'SUPERSTAR SHOES\r\nTHE AUTHENTIC LOW TOP WITH THE SHELL TOE.', '6033748d8d26e-1613984909.png', '6033748d8d284-1613984909.png', '6033748d8d288-1613984909.png', '6033748d8d28a-1613984909.png'),
(2, 1, 'SUPERSTAR', 'Cloud White', '40', 6, '3200', 'SUPERSTAR SHOES\r\nTHE AUTHENTIC LOW TOP WITH THE SHELL TOE.', '603376914316c-1613985425.png', '603376914317b-1613985425.png', '603376914317e-1613985425.png', '6033769143181-1613985425.png'),
(3, 1, 'NMD_R1', 'Dash Grey', '43', 5, '4600', 'NMD_R1 SHOES SHOES WITH RUNNING STYLE REIMAGINED FOR TODAY STREETS.', '603376f6cb8ad-1613985526.png', '603376f6cb8b9-1613985526.png', '603376f6cb8bc-1613985526.png', '603376f6cb8bf-1613985526.png'),
(4, 1, 'NMD_R1', 'Core Black', '41', 9, '4600', 'NMD_R1 SHOES A MODERN NMD TRAINER WITH A SNUG KNIT UPPER.', '6033774614e98-1613985606.png', '6033774614ea7-1613985606.png', '6033774614eaa-1613985606.png', '6033774614ead-1613985606.png'),
(5, 1, 'FLUIDSTREET', 'Super Pop', '38', 11, '2300', 'FLUIDSTREET SHOES AIRY LIGHTWEIGHT RUNNING SHOES WITH ENHANCED CUSHIONING.', '6033777f87a04-1613985663.png', '6033777f87a1a-1613985663.png', '6033777f87a24-1613985663.png', '6033777f87a2c-1613985663.png'),
(6, 1, 'FLUIDSTREET', 'Core Black', '42', 12, '2300', 'FLUIDSTREET SHOES AIRY LIGHTWEIGHT RUNNING SHOES WITH ENHANCED CUSHIONING.', '603377c87d225-1613985736.png', '603377c87d232-1613985736.png', '603377c87d235-1613985736.png', '603377c87d238-1613985736.png'),
(7, 1, 'X9000L4', 'Pink Tint', '37', 13, '4800', 'X9000L4 SHOES RESPONSIVE RUNNING SHOES INSPIRED BY DIGITAL CULTURE.', '6033781a96356-1613985818.png', '6033781a96368-1613985818.png', '6033781a9636d-1613985818.png', '6033781a96373-1613985818.png'),
(8, 1, 'X9000L4', 'Crystal White', '40', 4, '4800', 'X9000L4 SHOES RESPONSIVE RUNNING SHOES INSPIRED BY DIGITAL CULTURE.', '60337851b698f-1613985873.png', '60337851b69a4-1613985873.png', '60337851b69c1-1613985873.png', '60337851b69cc-1613985873.png'),
(9, 1, 'ADIZERO PRO', 'Core Black', '45', 15, '6500', 'ADIZERO PRO SHOES LIGHTWEIGHT SHOES BUILT FOR SPEED.', '603378afc5c3c-1613985967.png', '603378afc5c50-1613985967.png', '603378afc5c56-1613985967.png', '603378afc5c5f-1613985967.png'),
(10, 1, 'ADIZERO PRO', 'Solar Yellow', '45', 7, '6500', 'ADIZERO PRO SHOES LIGHTWEIGHT SHOES BUILT FOR SPEED.', '603378df2cc04-1613986015.png', '603378df2cc10-1613986015.png', '603378df2cc13-1613986015.png', '603378df2cc15-1613986015.png'),
(11, 1, 'ULTRABOOST 20', 'Collegiate Purple', '37', 9, '6500', 'ULTRABOOST 20 SHOES ULTRABOOST SHOES THAT ARE PART OF OUR CHINESE NEW YEAR COLLECTION.', '6033793361cb8-1613986099.png', '6033793361cc7-1613986099.png', '6033793361ccd-1613986099.png', '6033793361cd2-1613986099.png'),
(12, 1, 'ULTRABOOST 20', 'Core Black', '42', 8, '6500', 'ULTRABOOST 20 SHOES ULTRABOOST SHOES THAT ARE PART OF OUR CHINESE NEW YEAR COLLECTION.', '60337967d6582-1613986151.png', '60337967d659d-1613986151.png', '60337967d65a0-1613986151.png', '60337967d65a3-1613986151.png'),
(13, 1, 'PUREMOTION', 'Cloud White', '38', 6, '2200', 'PUREMOTION SHOES EVERYDAY SNEAKERS THAT ARE SUPER COMFORTABLE.', '603379ae9afac-1613986222.png', '603379ae9afbd-1613986222.png', '603379ae9afc3-1613986222.png', '603379ae9afc8-1613986222.png'),
(14, 1, 'PUREMOTION', 'Halo Blue', '40', 10, '2200', 'PUREMOTION SHOES EVERYDAY SNEAKERS THAT ARE SUPER COMFORTABLE.', '60337a06f2b2d-1613986310.png', '60337a06f2b3d-1613986310.png', '60337a06f2b42-1613986310.png', '60337a06f2b47-1613986310.png'),
(15, 2, 'ALL STAR LOGO GRAPHIC ', 'Red Black', '39', 5, '2090', 'ALL STAR LOGO GRAPHIC OX RED BLACK', '60337ac1aaa47-1613986497.png', '60337ac1aaa5a-1613986497.png', '60337ac1aaa5f-1613986497.png', '60337ac1aaa64-1613986497.png'),
(16, 2, 'ALL STAR LOGO GRAPHIC', 'Black/Multi/White', '45', 1, '2290', 'ALL STAR LOGO GRAPHIC HI BLACK/WHITE', '60337e6ef1d22-1613987438.png', '60337e6ef274a-1613987438.png', '60337e6ef2754-1613987438.png', '60337e6ef2759-1613987438.png'),
(17, 2, 'CHUCK 70', 'Sunflower/Black/Egret', '36', 7, '2700', 'CHUCK 70 OX SUNFLOWER/BLACK/EGRET', '60337f19991d2-1613987609.png', '60337f19994fa-1613987609.png', '60337f19994fd-1613987609.png', '60337f1999500-1613987609.png'),
(18, 2, 'CHUCK 70', 'Sunflower/Black/Egret', '40', 8, '2900', 'CHUCK 70 HI SUNFLOWER/BLACK/EGRET', '60337f5fb4be8-1613987679.png', '60337f5fb4c00-1613987679.png', '60337f5fb4c06-1613987679.png', '60337f5fb4c0e-1613987679.png'),
(19, 2, 'ALL STAR LICENSE PLATE', 'White/Pink', '37', 10, '2090', 'ALL STAR LICENSE PLATE OX WHITE/PINK', '60337fc4f0a9c-1613987780.png', '60337fc4f0ab0-1613987780.png', '60337fc4f0ab3-1613987780.png', '60337fc4f0ab6-1613987780.png'),
(20, 2, 'ALL STAR LICENSE PLATE', 'White/Pink', '39', 4, '2190', 'ALL STAR LICENSE PLATE HI WHITE/PINK', '6033802ad7fd3-1613987882.png', '6033802ad7fe4-1613987882.png', '6033802ad7fe8-1613987882.png', '6033802ad7fea-1613987882.png'),
(21, 2, 'ALL STAR SPLIT COLOR', 'White', '36', 3, '1890', 'ALL STAR SPLIT COLOR OX WHITE', '60338069abfc5-1613987945.png', '60338069abfdc-1613987945.png', '60338069abfe2-1613987945.png', '60338069abfe7-1613987945.png'),
(22, 2, 'ALL STAR SPLIT COLOR', 'White', '40', 8, '1990', 'ALL STAR SPLIT COLOR HI WHITE', '603380a64ed0b-1613988006.png', '603380a64ed1a-1613988006.png', '603380a64ed1d-1613988006.png', '603380a64ed1f-1613988006.png'),
(23, 2, 'CHUCK 70 SPLIT COLOR', 'Egret', '38', 6, '2590', 'CHUCK 70 SPLIT COLOR OX EGRET', '6033810595a34-1613988101.png', '6033810595a44-1613988101.png', '6033810595a48-1613988101.png', '6033810595a4b-1613988101.png'),
(24, 2, 'CHUCK 70 SPLIT COLOR', 'Egret', '37', 7, '2790', 'CHUCK 70 SPLIT COLOR HI EGRET', '60338152d6fe7-1613988178.png', '60338152d6ff6-1613988178.png', '60338152d6ffc-1613988178.png', '60338152d700e-1613988178.png'),
(25, 2, 'ALL STAR', 'Optical White', '40', 4, '1850', 'ALL STAR OX OPTICAL WHITE', '603381d7947dd-1613988311.png', '603381d794803-1613988311.png', '603381d79480b-1613988311.png', '603381d794810-1613988311.png'),
(26, 2, 'ALL STAR', 'Optical White', '38', 4, '1950', 'ALL STAR HI OPTICAL WHITE', '6033894733a96-1613990215.png', '6033894734ae2-1613990215.png', '6033894734aeb-1613990215.png', '6033894734af1-1613990215.png'),
(27, 2, 'CHUCK 70 ARCHIVE', 'Black/Orange', '41', 7, '2700', 'CHUCK 70 ARCHIVE OX BLACK ORANGE', '60338990df817-1613990288.png', '60338990df82d-1613990288.png', '60338990df831-1613990288.png', '60338990df834-1613990288.png'),
(28, 2, 'CHUCK 70 ARCHIVE', 'Black/Beige', '39', 20, '2700', 'CHUCK 70 ARCHIVE OX BLACK/BEIGE', '603389e25263b-1613990370.png', '603389e25264a-1613990370.png', '603389e25264e-1613990370.png', '603389e252650-1613990370.png'),
(29, 3, 'BLAZER MID‘77 ', 'Leopard', '35', 1, '4200', 'NIKE FIRST PERFORMANCE BASKETBALL SNEAKER.', '60338b37ea6c7-1613990711.png', '60338b37eb0d3-1613990711.png', '60338b37eb0de-1613990711.png', '60338b37eb0e2-1613990711.png'),
(30, 3, 'BLAZER MID‘77', 'Snakeskin', '44', 1, '4200', 'NIKE FIRST PERFORMANCE BASKETBALL SNEAKER.', '60338baf18fd5-1613990831.png', '60338baf19fcc-1613990831.png', '60338baf19fd3-1613990831.png', '60338baf19fd5-1613990831.png'),
(31, 3, 'ACG MOUNTAIN FIL LOW', 'Anthracite', '38', 12, '6400', 'A DESIGN WITH A LIGHTWEIGHT UPPER WITH AN EASY-TO-USE SHIN WRAP FOR PERSONALIZATION ANYWHERE.', '60338c7024a0e-1613991024.png', '60338c702567a-1613991024.png', '60338c7025680-1613991024.png', '60338c7025682-1613991024.png'),
(32, 3, 'ACG MOUNTAIN FIL LOW', 'Fossil Stone', '37', 19, '6400', 'A DESIGN WITH A LIGHTWEIGHT UPPER WITH AN EASY-TO-USE SHIN WRAP FOR PERSONALIZATION ANYWHERE.', '60338cca84fc7-1613991114.png', '60338cca85fae-1613991114.png', '60338cca85fb5-1613991114.png', '60338cca85fb8-1613991114.png'),
(33, 3, 'LAHAR LOW', 'Black', '44', 6, '5000', 'THE DESIGN USES HEAVY-DUTY LEATHER AND DETAILS INSPIRED BY THE SHOE LEGEND.', '60338de300665-1613991395.png', '60338de300996-1613991395.png', '60338de30099b-1613991395.png', '60338de3009a0-1613991395.png'),
(34, 3, 'LAHAR LOW', 'Wheat', '37', 15, '5000', 'THE DESIGN USES HEAVY-DUTY LEATHER AND DETAILS INSPIRED BY THE SHOE LEGEND.', '60338e2a24ad8-1613991466.png', '60338e2a251ff-1613991466.png', '60338e2a2520a-1613991466.png', '60338e2a25212-1613991466.png'),
(35, 3, 'AIR MAX TAILWIND 5', 'Iron Grey', '40', 8, '6100', 'DUAL AIRBAGS AT THE HEEL AND FOREFOOT WILL HELP YOU WADE OUT IN COMFORT. WITH REFLECTIVE ELEMENTS.', '60338ea4c30b6-1613991588.png', '60338ea4c3b59-1613991588.png', '60338ea4c3b63-1613991588.png', '60338ea4c3b68-1613991588.png'),
(36, 3, 'AIR MAX TAILWIND 5', 'Sequoia', '39', 15, '6100', 'DUAL AIRBAGS AT THE HEEL AND FOREFOOT WILL HELP YOU WADE OUT IN COMFORT. WITH REFLECTIVE ELEMENTS.', '60338ee4c1f18-1613991652.png', '60338ee4c2f96-1613991652.png', '60338ee4c2fa2-1613991652.png', '60338ee4c2fa6-1613991652.png'),
(37, 3, 'DRIFTER GATOR ISPA', 'Coastal Blue/Volt', '41', 14, '7500', 'LIGHTWEIGHT, RESPONSIVE.', '60338f69b07c0-1613991785.png', '60338f69b13d1-1613991785.png', '60338f69b13d6-1613991785.png', '60338f69b13d9-1613991785.png'),
(38, 3, 'DRIFTER GATOR ISPA', 'Summit White/Hyper Crimson', '39', 14, '7500', 'LIGHTWEIGHT, RESPONSIVE.', '60338fb2184d1-1613991858.png', '60338fb218de9-1613991858.png', '60338fb218df0-1613991858.png', '60338fb218df2-1613991858.png'),
(39, 3, 'SPACE HIPPIE 04 - MYSTIC NAVY', 'This is Trash', '43', 11, '5000', 'GARBAGE TRANSFORMATION FROM THE UPPER TO THE FLOOR SHOES.', '603390282badd-1613991976.png', '603390282c210-1613991976.png', '603390282c218-1613991976.png', '603390282c21d-1613991976.png'),
(40, 3, 'SPACE HIPPIE 04 - MYSTIC NAVY', 'This is Trash', '35', 13, '5000', 'GARBAGE TRANSFORMATION FROM THE UPPER TO THE FLOOR SHOES.', '6033907b5be70-1613992059.png', '6033907b5c27d-1613992059.png', '6033907b5c291-1613992059.png', '6033907b5c293-1613992059.png'),
(41, 3, 'ZOOM DOUBLE STACKED', 'Volt Black', '37', 13, '7900', 'STYLE THAT EXPRESSES COMFORT WITH THE BARE LAYER OF THE CUSHIONING SYSTEM.', '603390ff50468-1613992191.png', '603390ff51424-1613992191.png', '603390ff51434-1613992191.png', '603390ff5143e-1613992191.png'),
(42, 3, 'ZOOM DOUBLE STACKED', 'Pink Blast', '40', 1, '7900', 'STYLE THAT EXPRESSES COMFORT WITH THE BARE LAYER OF THE CUSHIONING SYSTEM.', '603391630c69e-1613992291.png', '603391630df45-1613992291.png', '603391630df4c-1613992291.png', '603391630df4f-1613992291.png'),
(43, 4, 'UA COMFYCUSH', 'Red/Checkerboard', '46', 17, '3400', 'COMFYCUSH SLIP-SKOOL VANS BLOCK.', '60339227d5ed6-1613992487.png', '60339227d9548-1613992487.png', '60339227da229-1613992487.png', '6033aba1a107d-1613999009.png'),
(44, 4, 'UA COMFYCUSH', 'Multi/Checkerboard', '40', 10, '3400', 'COMFYCUSH SLIP-SKOOL VANS BLOCK', '6033ab997aa5b-1613999001.png', '6033ab997b3bf-1613999001.png', '6033ab997e452-1613999001.png', '6033ab997ebc7-1613999001.png'),
(45, 4, 'UA SK8-MID', 'Cherries Black', '37', 11, '3200', 'IT A MID-LENGTH LACE-UP SHOE WITH A PADDED COLLAR FOR EXTRA COMFORT.', '6033941e49506-1613992990.png', '6033941e4b1a9-1613992990.png', '6033941e4b922-1613992990.png', '6033ab5e9bd1d-1613998942.png'),
(46, 4, 'UA AUTHENTIC', 'Cherries Black', '43', 9, '2500', 'THE ICONIC VANS TOP STYLE COMBINES TRADITIONAL VANS WITH EMBROIDERED CANVAS.', '6033ac31df1a7-1613999153.png', '6033ac31df1b5-1613999153.png', '6033ac31df1b8-1613999153.png', '6033ac31df1ba-1613999153.png'),
(47, 4, 'UA ERA 95 DX ANAHEIM FACTORY', 'Pandas/Pink', '45', 11, '2600', 'DURABLE FABRIC SHOES TO COMPLETE THE LOOK.', '6033ac9eee996-1613999262.png', '6033ac9eee9a5-1613999262.png', '6033ac9eee9b6-1613999262.png', '6033ac9eee9b8-1613999262.png'),
(48, 4, 'UA ERA 95 DX ANAHEIM FACTORY', 'Pandas/Blue', '46', 7, '2600', 'DURABLE FABRIC SHOES TO COMPLETE THE LOOK.', '6033adc0b86c0-1613999552.png', '6033adc0b86da-1613999552.png', '6033adc0b86df-1613999552.png', '6033adc0b86e3-1613999552.png'),
(49, 4, 'WE ARE BEAUTIFUL CLASSIC SLIP-ON', 'White/True White', '37', 8, '2300', 'STURDY UPPERS SIGNATURE RUBBER WAFFLE SOLE.', '6033ae0b9e2e1-1613999627.png', '6033ae0b9e2f2-1613999627.png', '6033ae0b9e2f6-1613999627.png', '6033ae0b9e2fa-1613999627.png'),
(50, 4, 'UA ERA WE ARE BEAUTIFUL', 'White/True White', '38', 18, '2300', 'STURDY UPPERS SIGNATURE RUBBER WAFFLE SOLE.', '6033ae8521116-1613999749.png', '6033ae852112b-1613999749.png', '6033ae8521134-1613999749.png', '6033ae8521139-1613999749.png'),
(51, 4, 'UA SK8-HI REISSUE CAP', 'Multi/True White/Pink', '46', 7, '3500', 'MATERIAL: CANVAS / SUEDE OUTSOLE MATERIAL: RUBBER', '6033af2ceabdb-1613999916.png', '6033af2ceabee-1613999916.png', '6033af2ceabf4-1613999916.png', '6033af2ceabfb-1613999916.png'),
(52, 4, 'UA SLIP-ON CAP', 'Multi/True White/Pink', '40', 9, '2800', 'LOW-PROFILE SLIP-ON SHAPE, LACES AND UPPERS, SUEDE AND CANVAS FOR A FEEL.', '6033af8f4ed14-1614000015.png', '6033af8f4ed25-1614000015.png', '6033af8f4ed2a-1614000015.png', '6033af8f4ed2e-1614000015.png'),
(53, 4, 'UA OLD SKOOL WARP', 'True White/Tie Dye', '38', 10, '2800', 'CANVAS / SUEDE SHOELACES WITH RUBBER OUTSOLE.', '6033afdde24f9-1614000093.png', '6033afdde250b-1614000093.png', '6033afdde2511-1614000093.png', '6033afdde2516-1614000093.png'),
(54, 4, 'UA CLASSIC SLIP-ON', 'Tie Dye/True White', '43', 5, '2500', 'FEATURES A DURABLE TEXTILE UPPERS WITH A DETAILED TIE-DYE PRINT.', '6033b05bc5f99-1614000219.png', '6033b05bc5faa-1614000219.png', '6033b05bc5faf-1614000219.png', '6033b05bc5fb4-1614000219.png'),
(55, 5, 'SUEDE CLASSIC XXI', 'Yellow', '39', 7, '2999', 'THE SUEDE HIT THE SCENE IN 1968 AND HAS BEEN CHANGING THE GAME EVER SINCE. WHILE MANY SNEAKERS HAVE COME AND GONE SINCE THEN – LEAVING FOOTPRINTS OF VARYING SIZES – ITS DIFFICULT TO ARGUE ANY SHOE HAVING AS MUCH OF A DEEP-ROOTED IMPACT ON SOCIETY AND CULTURE AS THE SUEDE.', '6033b70fb0bfd-1614001935.png', '6033b70fb0c24-1614001935.png', '6033b70fb0c34-1614001935.png', '6033b70fb0c41-1614001935.png'),
(56, 5, 'SUEDE CLASSIC XXI', 'Black', '47', 8, '2999', 'THE SUEDE HIT THE SCENE IN 1968 AND HAS BEEN CHANGING THE GAME EVER SINCE. WHILE MANY SNEAKERS HAVE COME AND GONE SINCE THEN – LEAVING FOOTPRINTS OF VARYING SIZES – ITS DIFFICULT TO ARGUE ANY SHOE HAVING AS MUCH OF A DEEP-ROOTED IMPACT ON SOCIETY AND CULTURE AS THE SUEDE.', '6033b74d2e961-1614001997.png', '6033b74d2e97a-1614001997.png', '6033b74d2e98a-1614001997.png', '6033b74d2e99a-1614001997.png'),
(57, 5, 'X-RAY GAME WMNS VALENTINES', 'Pink', '38', 7, '2999', 'JUST IN TIME FOR VALENTINE DAY, WE ARE GIFTING OUR FEMALE CORE CONSUMER WITH ANOTHER ADORABLE UPDATE ON OUR X-RAY GAME. COMING IN TWO COLORWAYS, PUMA SPREADS SOME LOVE WITH A HEART-SHAPED HEEL TAB AND THE PUMA BRANDING INSIDE.', '6033b7a4794bb-1614002084.png', '6033b7a4794d2-1614002084.png', '6033b7a4794df-1614002084.png', '6033b7a4794e9-1614002084.png'),
(58, 5, 'X-RAY GAME WMNS VALENTINES', 'Black', '41', 4, '2999', 'JUST IN TIME FOR VALENTINE’S DAY, WE ARE GIFTING OUR FEMALE CORE CONSUMER WITH ANOTHER ADORABLE UPDATE ON OUR X-RAY GAME. COMING IN TWO COLORWAYS, PUMA SPREADS SOME LOVE WITH A HEART-SHAPED HEEL TAB AND THE PUMA BRANDING INSIDE.', '6033b7f5cea09-1614002165.png', '6033b7f5cea1a-1614002165.png', '6033b7f5cea21-1614002165.png', '6033b7f5cea28-1614002165.png'),
(59, 5, 'RS-X3 LAYERS WN’S', 'Marshmallow-Natural Vachetta', '40', 5, '4999', 'X MARKS EXTREME. EXAGGERATED. X3 TAKES IT TO A NEW LEVEL: CUBED, ENHANCED, EXTRA. IN 2020, WE REBOOT OUR RS DESIGN AND TAKE IT TO AN EXTRA, THRICE-EXAGGERATED FORM BY STRIPPING THE SILHOUETTE DOWN TO THE BASICS THEN BUILDING IT UP WITH STRONGER MATERIAL MIXES AND COLOURS.', '6033b84c92cf2-1614002252.png', '6033b84c92d0b-1614002252.png', '6033b84c92d1b-1614002252.png', '6033b84c92d2b-1614002252.png'),
(60, 5, 'RS-X3 LAYERS WN’S', 'Puma White-Puma Black', '45', 5, '4999', 'X MARKS EXTREME. EXAGGERATED. X3 TAKES IT TO A NEW LEVEL: CUBED, ENHANCED, EXTRA. IN 2020, WE REBOOT OUR RS DESIGN AND TAKE IT TO AN EXTRA, THRICE-EXAGGERATED FORM BY STRIPPING THE SILHOUETTE DOWN TO THE BASICS THEN BUILDING IT UP WITH STRONGER MATERIAL MIXES AND COLOURS.', '6033baa08e1d3-1614002848.png', '6033baa08e1f0-1614002848.png', '6033baa08e200-1614002848.png', '6033baa08e20c-1614002848.png'),
(61, 6, 'ROYAL EC RIDE 2', 'Black/Black', '37', 9, '2790', 'AN UPDATED VERSION OF THE CLASSIC SNEAKERS, WHICH WILL PERFECTLY FIT INTO YOUR DYNAMIC LIFESTYLE.', '6033c140342a7-1614004544.png', '6033c140342c1-1614004544.png', '6033c140342cf-1614004544.png', '6033c140342dc-1614004544.png'),
(62, 6, 'ROYAL EC RIDE 2', 'Black/White', '45', 6, '2790', 'AN UPDATED VERSION OF THE CLASSIC SNEAKERS, WHICH WILL PERFECTLY FIT INTO YOUR DYNAMIC LIFESTYLE.', '6033c1d8c4e2c-1614004696.png', '6033c1d8c4e47-1614004696.png', '6033c1d8c4e55-1614004696.png', '6033c1d8c4e65-1614004696.png'),
(63, 6, 'AZTREK', '90s-White/Cold Grey/Crushed Cobalt/Neon Lime', '41', 5, '3999', 'A STITCH-BY-STITCH REPRODUCTION STRAIGHT FROM THE RUNNING-SHOE ARCHIVES. THESE SHOES FEATURE AN AUTHENTIC 90S DESIGN AND COLORS FOR A THROWBACK VIBE.', '6033c203bef24-1614004739.png', '6033c203bef3a-1614004739.png', '6033c203bef4a-1614004739.png', '6033c203bef57-1614004739.png'),
(64, 6, 'AZTREK-MID BRIGHT POP', 'Mid Bright Pop-White/Stellar Pnk/Tr Gold/Gry', '42', 16, '3999', 'A STITCH-BY-STITCH REPRODUCTION STRAIGHT FROM THE RUNNING-SHOE ARCHIVES. THESE SHOES FEATURE AN AUTHENTIC 90S DESIGN AND COLORS FOR A THROWBACK VIBE.', '6033c248bea01-1614004808.png', '6033c248bea17-1614004808.png', '6033c248bea1f-1614004808.png', '6033c248bea25-1614004808.png'),
(65, 7, 'MEXICO 66 SLIP-ON PS', 'White/Directoire Blue', '35', 10, '2500', 'THIS SLIP-ON STYLE FEATURES BETTER FITTING AND EASY-ON-OFF WITH ELASTIC BAND ON INSTEP AREA. THE ORTHOLITE SOCKLINER GIVES ADDITIONAL COMFORT FOR  FEET.', '6033c62e52c83-1614005806.png', '6033c62e52c9d-1614005806.png', '6033c62e52ca7-1614005806.png', '6033c62e52cb0-1614005806.jpg'),
(66, 7, 'MEXICO 66 SLIP-ON PS', 'Peacoat/White', '40', 9, '2500', 'THIS SLIP-ON STYLE FEATURES BETTER FITTING AND EASY-ON-OFF WITH ELASTIC BAND ON INSTEP AREA. THE ORTHOLITE SOCKLINER GIVES ADDITIONAL COMFORT FOR  FEET.', '6033c665a3959-1614005861.png', '6033c665a3972-1614005861.png', '6033c665a397e-1614005861.png', '6033c665a3988-1614005861.jpg'),
(67, 7, 'GSM W', 'White/Pure', '38', 7, '4500', 'CONVENTIONAL MIDSOLE SILHOUETTE AND SOFT SUEDE OVERLAYS, IT’S AN ICONIC VINTAGE SHOE.', '6033c6920b05c-1614005906.png', '6033c6920b073-1614005906.png', '6033c6920b084-1614005906.png', '6033c6920b091-1614005906.jpg'),
(68, 7, 'GSM W', 'White/White', '39', 5, '3500', 'CONVENTIONAL MIDSOLE SILHOUETTE AND SOFT SUEDE OVERLAYS, IT’S AN ICONIC VINTAGE SHOE.', '6033c6b5e8f2d-1614005941.png', '6033c6b5e8f3e-1614005941.png', '6033c6b5e8f45-1614005941.png', '6033c6b5e8f4b-1614005941.jpg'),
(69, 8, 'UA HOVR INFINITE 3 RUNNING SHOES', 'Pink', '44', 13, '4790', 'PRO DISTANCE RUNNERS WANT ENERGY RETURN AND EFFICIENCY. AND THAT EXACTLY WHAT UA HOVR INFINITE 3 DELIVERS. THAT AND REAL-TIME FORM COACHING. CONNECT YOUR SHOES TO UA MAPMYRUN FOR PERSONALIZED TIPS TO HELP YOU RUN BETTER', '6033cb7965c13-1614007161.png', '6033cb7965c41-1614007161.png', '6033cb7965c4d-1614007161.png', '6033cb7965c58-1614007161.png'),
(70, 8, 'UA HOVR INFINITE 3 RUNNING SHOES', 'Blue', '38', 8, '4790', 'PRO DISTANCE RUNNERS WANT ENERGY RETURN AND EFFICIENCY. AND THAT EXACTLY WHAT UA HOVR INFINITE 3 DELIVERS. THAT AND REAL-TIME FORM COACHING. CONNECT YOUR SHOES TO UA MAPMYRUN FOR PERSONALIZED TIPS TO HELP YOU RUN BETTER', '6033cbc80f09b-1614007240.png', '6033cbc80f0bb-1614007240.png', '6033cbc80f0c6-1614007240.png', '6033cbc80f0d0-1614007240.png'),
(71, 8, 'UA CHARGED IMPULSE RUNNING SHOES', 'Black', '40', 10, '2490', 'THESE BREATHABLE RUNNING SHOES FOR MEN ARE ALSO LIGHT AND FLEXIBLE. FEEL THE SECURE HUG OF A BREATHABLE MESH UPPER, THE PLUSH RIDE OF CHARGED CUSHIONING, AND THE IMPULSE TO JUST GO.', '6033cbfe1ac9a-1614007294.png', '6033cbfe1acad-1614007294.png', '6033cbfe1acb4-1614007294.png', '6033cbfe1acbb-1614007294.png'),
(72, 8, 'UA CHARGED IMPULSE RUNNING SHOES', 'Blue', '37', 9, '2490', 'THESE BREATHABLE RUNNING SHOES FOR MEN ARE ALSO LIGHT AND FLEXIBLE. FEEL THE SECURE HUG OF A BREATHABLE MESH UPPER, THE PLUSH RIDE OF CHARGED CUSHIONING, AND THE IMPULSE TO JUST GO.', '6033cc2977de9-1614007337.png', '6033cc2977e00-1614007337.png', '6033cc2977e0b-1614007337.png', '6033cc2977e18-1614007337.png'),
(73, 9, 'FRESH FOAM 880V10', 'Pink', '38', 8, '4790', 'STOKING THE FIRES OF OUR MOST PINNACLE CUSHIONING TECHNOLOGY, THE WOMEN’S 880V10 OFFERS A TRUSTED, TESTED RIDE BACKED BY A LIGHTWEIGHT-YET-SECURE HYPOKNIT MESH UPPER THAT DELIVERS A COMFORTABLE FIT WITHOUT THE FUSS AND WITH A FOCUS ON THE SECURE MIDFOOT.', '6033d0c6066a1-1614008518.png', '6033d0c6066b3-1614008518.png', '6033d0c6066ba-1614008518.png', '6033d0c6066c1-1614008518.png'),
(74, 9, 'FRESH FOAM 880V10', 'Light Slate With Bali Blue', '40', 16, '5550', 'STOKING THE FIRES OF OUR MOST PINNACLE CUSHIONING TECHNOLOGY, THE WOMEN’S 880V10 OFFERS A TRUSTED, TESTED RIDE BACKED BY A LIGHTWEIGHT-YET-SECURE HYPOKNIT MESH UPPER THAT DELIVERS A COMFORTABLE FIT WITHOUT THE FUSS AND WITH A FOCUS ON THE SECURE MIDFOOT.', '6033d10bdbd45-1614008587.png', '6033d10bdbd58-1614008587.png', '6033d10bdbd68-1614008587.png', '6033d10bdbd75-1614008587.png'),
(75, 9, 'ALL COASTS AM210', 'Navy With White', '43', 9, '4950', 'THE MEN ALL COASTS AM210 LIFESTYLE SHOES ARE THE IDEAL COMBINATION OF ON-POINT STYLE AND LASTING COMFORT. WITH A DESIGN BASED ON CLASSIC, LOW-CUT COURT SHOES IN BEACH-INSPIRED HUES, THESE MEN FASHION SNEAKERS GIVE YOUR CASUAL LOOKS A TRENDY UPGRADE.', '6033d1ca7057c-1614008778.png', '6033d1ca70598-1614008778.png', '6033d1ca705aa-1614008778.png', '6033d1ca705bb-1614008778.png'),
(76, 10, 'MAX CUSHIONING ELITE', 'Black', '42', 10, '4999', 'ENJOY CUSHIONED COMFORT DURING YOUR MORNING RUN WITH THE SKECHERS MAX CUSHIONING ELITE SHOE.', '6033d77016409-1614010224.png', '6033d77016423-1614010224.png', '6033d77016430-1614010224.png', '6033d7701643c-1614010224.png'),
(77, 10, 'GORUN ELEVATE - HOT STREAK', 'Gray/Pink', '38', 11, '5999', 'WORKOUT IN COMFORT WITH A SHOE THAT KEEPS UP WITH YOU IN THE SKECHERS GORUN ELEVATE - HOT STREAK SHOE.', '6033d7a23494b-1614010274.png', '6033d7a234965-1614010274.png', '6033d7a234973-1614010274.png', '6033d7a234980-1614010274.png'),
(78, 10, 'GORUN MOJO RADIANT BREEZE', 'Burgundy', '37', 19, '6999', 'BREEZE THROUGH YOUR WORKOUT IN COMFORT WITH THE SKECHERS GORUN MOJO 2.0 - RADIANT BREEZE SHOE.', '6033d7d57b889-1614010325.png', '6033d7d57b8a0-1614010325.png', '6033d7d57b8b0-1614010325.png', '6033d7d57b8c1-1614010325.png');

-- --------------------------------------------------------

--
-- Table structure for table `shopping_cart`
--

CREATE TABLE `shopping_cart` (
  `cart_id` int(11) NOT NULL,
  `order_id` int(11) NOT NULL,
  `shoes_id` int(11) NOT NULL,
  `amount` int(11) NOT NULL,
  `total_price` decimal(10,0) NOT NULL
) ENGINE=InnoDB DEFAULT CHARSET=utf8 COLLATE=utf8_unicode_ci;

-- --------------------------------------------------------

--
-- Table structure for table `users`
--

CREATE TABLE `users` (
  `user_id` int(11) NOT NULL,
  `fname` varchar(200) COLLATE utf8_unicode_ci NOT NULL,
  `lname` varchar(200) COLLATE utf8_unicode_ci NOT NULL,
  `email` varchar(200) COLLATE utf8_unicode_ci NOT NULL,
  `password` varchar(200) COLLATE utf8_unicode_ci NOT NULL,
  `image` varchar(200) COLLATE utf8_unicode_ci NOT NULL,
  `phone` varchar(200) COLLATE utf8_unicode_ci NOT NULL,
  `address` varchar(200) COLLATE utf8_unicode_ci NOT NULL,
  `status` varchar(200) COLLATE utf8_unicode_ci NOT NULL
) ENGINE=InnoDB DEFAULT CHARSET=utf8 COLLATE=utf8_unicode_ci;

--
-- Dumping data for table `users`
--

INSERT INTO `users` (`user_id`, `fname`, `lname`, `email`, `password`, `image`, `phone`, `address`, `status`) VALUES
(1, 'Amandra', 'Kodmuna', 'admin@gmail.com', '0cc175b9c0f1b6a831c399e269772661', '60340b64813df-1614023524.jpg', '0908185641', 'Maibok Naja', 'admin'),
(2, 'Modtanoi', 'Kora', 'manager@gmail.com', '0cc175b9c0f1b6a831c399e269772661', '60340c0b203bc-1614023691.jpg', '0908565656', '59/8 Bangkok', 'manager'),
(3, 'Jaidee', 'Tamjai', 'user@gmail.com', '0cc175b9c0f1b6a831c399e269772661', '6032901234a92-1613926418.jpg', '0859586529', 'Narathivat', 'user'),
(4, 'Thitipan', 'Porkuan', 'staff@gmail.com', '0cc175b9c0f1b6a831c399e269772661', '60340c58da0f5-1614023768.jpg', '0585885485', 'Nakhon Rauchasima', 'staff');

--
-- Indexes for dumped tables
--

--
-- Indexes for table `banner`
--
ALTER TABLE `banner`
  ADD PRIMARY KEY (`banner_id`);

--
-- Indexes for table `brand_shoes`
--
ALTER TABLE `brand_shoes`
  ADD PRIMARY KEY (`brand_id`);

--
-- Indexes for table `orders`
--
ALTER TABLE `orders`
  ADD PRIMARY KEY (`orders_id`),
  ADD KEY `orderTousers` (`user_id`);

--
-- Indexes for table `shoes`
--
ALTER TABLE `shoes`
  ADD PRIMARY KEY (`shoes_id`),
  ADD KEY `shoes_to_brand_sheos` (`brand_id`);

--
-- Indexes for table `shopping_cart`
--
ALTER TABLE `shopping_cart`
  ADD PRIMARY KEY (`cart_id`),
  ADD KEY `cart_to_shoes` (`shoes_id`),
  ADD KEY `cart_to_order` (`order_id`);

--
-- Indexes for table `users`
--
ALTER TABLE `users`
  ADD PRIMARY KEY (`user_id`);

--
-- AUTO_INCREMENT for dumped tables
--

--
-- AUTO_INCREMENT for table `banner`
--
ALTER TABLE `banner`
  MODIFY `banner_id` int(11) NOT NULL AUTO_INCREMENT, AUTO_INCREMENT=6;

--
-- AUTO_INCREMENT for table `brand_shoes`
--
ALTER TABLE `brand_shoes`
  MODIFY `brand_id` int(11) NOT NULL AUTO_INCREMENT, AUTO_INCREMENT=11;

--
-- AUTO_INCREMENT for table `orders`
--
ALTER TABLE `orders`
  MODIFY `orders_id` int(11) NOT NULL AUTO_INCREMENT;

--
-- AUTO_INCREMENT for table `shoes`
--
ALTER TABLE `shoes`
  MODIFY `shoes_id` int(11) NOT NULL AUTO_INCREMENT, AUTO_INCREMENT=79;

--
-- AUTO_INCREMENT for table `shopping_cart`
--
ALTER TABLE `shopping_cart`
  MODIFY `cart_id` int(11) NOT NULL AUTO_INCREMENT;

--
-- AUTO_INCREMENT for table `users`
--
ALTER TABLE `users`
  MODIFY `user_id` int(11) NOT NULL AUTO_INCREMENT, AUTO_INCREMENT=5;

--
-- Constraints for dumped tables
--

--
-- Constraints for table `orders`
--
ALTER TABLE `orders`
  ADD CONSTRAINT `orderTousers` FOREIGN KEY (`user_id`) REFERENCES `users` (`user_id`);

--
-- Constraints for table `shoes`
--
ALTER TABLE `shoes`
  ADD CONSTRAINT `shoes_to_brand_sheos` FOREIGN KEY (`brand_id`) REFERENCES `brand_shoes` (`brand_id`);

--
-- Constraints for table `shopping_cart`
--
ALTER TABLE `shopping_cart`
  ADD CONSTRAINT `cart_to_order` FOREIGN KEY (`order_id`) REFERENCES `orders` (`orders_id`),
  ADD CONSTRAINT `cart_to_shoes` FOREIGN KEY (`shoes_id`) REFERENCES `shoes` (`shoes_id`);
COMMIT;

/*!40101 SET CHARACTER_SET_CLIENT=@OLD_CHARACTER_SET_CLIENT */;
/*!40101 SET CHARACTER_SET_RESULTS=@OLD_CHARACTER_SET_RESULTS */;
/*!40101 SET COLLATION_CONNECTION=@OLD_COLLATION_CONNECTION */;
